id,user_id,note_date,content,tags,created_at,updated_at
04a09ddb-f1f5-411e-8c8a-cd01186ff0f3,c3c65b43-f17b-4fd0-b7e4-c22853c783d6,2026-01-03,"<ol><li><p>Following Data entered for Rote PR December 2025. Today was Last date for the entries. <br></p><table class=""border-collapse table-auto w-full my-4 border border-gray-300 dark:border-gray-600"" style=""min-width: 325px;""><colgroup><col style=""min-width: 25px;""><col style=""min-width: 25px;""><col style=""min-width: 25px;""><col style=""min-width: 25px;""><col style=""min-width: 25px;""><col style=""min-width: 25px;""><col style=""min-width: 25px;""><col style=""min-width: 25px;""><col style=""min-width: 25px;""><col style=""width: 100px;""></colgroup><tbody><tr><th class=""border border-gray-300 dark:border-gray-600 bg-gray-100 dark:bg-gray-800 p-2 font-semibold text-left"" colspan=""1"" rowspan=""1""><p><strong>RID</strong></p></th><th class=""border border-gray-300 dark:border-gray-600 bg-gray-100 dark:bg-gray-800 p-2 font-semibold text-left"" colspan=""1"" rowspan=""1""><p><strong>Name of the Route</strong></p></th><th class=""border border-gray-300 dark:border-gray-600 bg-gray-100 dark:bg-gray-800 p-2 font-semibold text-left"" colspan=""1"" rowspan=""1""><p><strong>RKM</strong></p></th><th class=""border border-gray-300 dark:border-gray-600 bg-gray-100 dark:bg-gray-800 p-2 font-semibold text-left"" colspan=""1"" rowspan=""1""><p><strong>Fibre Capacity</strong></p></th><th class=""border border-gray-300 dark:border-gray-600 bg-gray-100 dark:bg-gray-800 p-2 font-semibold text-left"" colspan=""1"" rowspan=""1""><p><strong>Lead In</strong></p></th><th class=""border border-gray-300 dark:border-gray-600 bg-gray-100 dark:bg-gray-800 p-2 font-semibold text-left"" colspan=""1"" rowspan=""1""><p><strong>Jt. Roll</strong></p></th><th class=""border border-gray-300 dark:border-gray-600 bg-gray-100 dark:bg-gray-800 p-2 font-semibold text-left"" colspan=""1"" rowspan=""1""><p><strong>O/H</strong></p></th><th class=""border border-gray-300 dark:border-gray-600 bg-gray-100 dark:bg-gray-800 p-2 font-semibold text-left"" colspan=""1"" rowspan=""1""><p><strong>Total (OFC Laid)</strong></p></th><th class=""border border-gray-300 dark:border-gray-600 bg-gray-100 dark:bg-gray-800 p-2 font-semibold text-left"" colspan=""1"" rowspan=""1""><p><strong>Detail Estimate No.</strong></p></th><th class=""border border-gray-300 dark:border-gray-600 bg-gray-100 dark:bg-gray-800 p-2 font-semibold text-left"" colspan=""1"" rowspan=""1"" colwidth=""100""><p><strong>Whether AT Offered or Not</strong></p></th></tr><tr><td class=""border border-gray-300 dark:border-gray-600 p-2 align-top relative"" colspan=""1"" rowspan=""1""><p>257510</p></td><td class=""border border-gray-300 dark:border-gray-600 p-2 align-top relative"" colspan=""1"" rowspan=""1""><p>FARTABAD BYPASS-FARTABAD DHALAI BRIDGE-01</p></td><td class=""border border-gray-300 dark:border-gray-600 p-2 align-top relative"" colspan=""1"" rowspan=""1""><p>1.2</p></td><td class=""border border-gray-300 dark:border-gray-600 p-2 align-top relative"" colspan=""1"" rowspan=""1""><p>24F</p></td><td class=""border border-gray-300 dark:border-gray-600 p-2 align-top relative"" colspan=""1"" rowspan=""1""><p>70</p></td><td class=""border border-gray-300 dark:border-gray-600 p-2 align-top relative"" colspan=""1"" rowspan=""1""><p>30</p></td><td class=""border border-gray-300 dark:border-gray-600 p-2 align-top relative"" colspan=""1"" rowspan=""1""><p>1100</p></td><td class=""border border-gray-300 dark:border-gray-600 p-2 align-top relative"" colspan=""1"" rowspan=""1""><p>1200</p></td><td class=""border border-gray-300 dark:border-gray-600 p-2 align-top relative"" colspan=""1"" rowspan=""1""><p>CM/24/000202.01</p></td><td class=""border border-gray-300 dark:border-gray-600 p-2 align-top relative"" colspan=""1"" rowspan=""1"" colwidth=""100""><p>YES</p></td></tr><tr><td class=""border border-gray-300 dark:border-gray-600 p-2 align-top relative"" colspan=""1"" rowspan=""1""><p>257511</p></td><td class=""border border-gray-300 dark:border-gray-600 p-2 align-top relative"" colspan=""1"" rowspan=""1""><p>GOBINDAPUR PCM-BARUIPUR II BTS-01</p></td><td class=""border border-gray-300 dark:border-gray-600 p-2 align-top relative"" colspan=""1"" rowspan=""1""><p>1.95</p></td><td class=""border border-gray-300 dark:border-gray-600 p-2 align-top relative"" colspan=""1"" rowspan=""1""><p>24F</p></td><td class=""border border-gray-300 dark:border-gray-600 p-2 align-top relative"" colspan=""1"" rowspan=""1""><p>80</p></td><td class=""border border-gray-300 dark:border-gray-600 p-2 align-top relative"" colspan=""1"" rowspan=""1""><p>20</p></td><td class=""border border-gray-300 dark:border-gray-600 p-2 align-top relative"" colspan=""1"" rowspan=""1""><p>1849</p></td><td class=""border border-gray-300 dark:border-gray-600 p-2 align-top relative"" colspan=""1"" rowspan=""1""><p>1949</p></td><td class=""border border-gray-300 dark:border-gray-600 p-2 align-top relative"" colspan=""1"" rowspan=""1""><p>CM/24/000201.05</p></td><td class=""border border-gray-300 dark:border-gray-600 p-2 align-top relative"" colspan=""1"" rowspan=""1"" colwidth=""100""><p>YES</p></td></tr><tr><td class=""border border-gray-300 dark:border-gray-600 p-2 align-top relative"" colspan=""1"" rowspan=""1""><p>257512</p></td><td class=""border border-gray-300 dark:border-gray-600 p-2 align-top relative"" colspan=""1"" rowspan=""1""><p>BARUIPUR PCM-BJC OPP WELKIN SCHOOL JC-01</p></td><td class=""border border-gray-300 dark:border-gray-600 p-2 align-top relative"" colspan=""1"" rowspan=""1""><p>1.93</p></td><td class=""border border-gray-300 dark:border-gray-600 p-2 align-top relative"" colspan=""1"" rowspan=""1""><p>24F</p></td><td class=""border border-gray-300 dark:border-gray-600 p-2 align-top relative"" colspan=""1"" rowspan=""1""><p>110</p></td><td class=""border border-gray-300 dark:border-gray-600 p-2 align-top relative"" colspan=""1"" rowspan=""1""><p>40</p></td><td class=""border border-gray-300 dark:border-gray-600 p-2 align-top relative"" colspan=""1"" rowspan=""1""><p>1779</p></td><td class=""border border-gray-300 dark:border-gray-600 p-2 align-top relative"" colspan=""1"" rowspan=""1""><p>1929</p></td><td class=""border border-gray-300 dark:border-gray-600 p-2 align-top relative"" colspan=""1"" rowspan=""1""><p>CM/24/000202.04</p></td><td class=""border border-gray-300 dark:border-gray-600 p-2 align-top relative"" colspan=""1"" rowspan=""1"" colwidth=""100""><p>YES</p></td></tr><tr><td class=""border border-gray-300 dark:border-gray-600 p-2 align-top relative"" colspan=""1"" rowspan=""1""><p>258046</p></td><td class=""border border-gray-300 dark:border-gray-600 p-2 align-top relative"" colspan=""1"" rowspan=""1""><p>BJC NATUNPALLY RAIL CROSSING-BJC SUBHASGRAM HOSPITAL ROAD-01</p></td><td class=""border border-gray-300 dark:border-gray-600 p-2 align-top relative"" colspan=""1"" rowspan=""1""><p>1.95</p></td><td class=""border border-gray-300 dark:border-gray-600 p-2 align-top relative"" colspan=""1"" rowspan=""1""><p>24F</p></td><td class=""border border-gray-300 dark:border-gray-600 p-2 align-top relative"" colspan=""1"" rowspan=""1""><p>0</p></td><td class=""border border-gray-300 dark:border-gray-600 p-2 align-top relative"" colspan=""1"" rowspan=""1""><p>80</p></td><td class=""border border-gray-300 dark:border-gray-600 p-2 align-top relative"" colspan=""1"" rowspan=""1""><p>1870</p></td><td class=""border border-gray-300 dark:border-gray-600 p-2 align-top relative"" colspan=""1"" rowspan=""1""><p>1950</p></td><td class=""border border-gray-300 dark:border-gray-600 p-2 align-top relative"" colspan=""1"" rowspan=""1""><p>CM/24/000201.07</p></td><td class=""border border-gray-300 dark:border-gray-600 p-2 align-top relative"" colspan=""1"" rowspan=""1"" colwidth=""100""><p>YES</p></td></tr><tr><td class=""border border-gray-300 dark:border-gray-600 p-2 align-top relative"" colspan=""1"" rowspan=""1""><p>258498</p></td><td class=""border border-gray-300 dark:border-gray-600 p-2 align-top relative"" colspan=""1"" rowspan=""1""><p>SNP GHASIARA BTS-BJC NEAR GHASIARA BIDYAPITH-01</p></td><td class=""border border-gray-300 dark:border-gray-600 p-2 align-top relative"" colspan=""1"" rowspan=""1""><p>1.65</p></td><td class=""border border-gray-300 dark:border-gray-600 p-2 align-top relative"" colspan=""1"" rowspan=""1""><p>24F</p></td><td class=""border border-gray-300 dark:border-gray-600 p-2 align-top relative"" colspan=""1"" rowspan=""1""><p>0</p></td><td class=""border border-gray-300 dark:border-gray-600 p-2 align-top relative"" colspan=""1"" rowspan=""1""><p>80</p></td><td class=""border border-gray-300 dark:border-gray-600 p-2 align-top relative"" colspan=""1"" rowspan=""1""><p>1570</p></td><td class=""border border-gray-300 dark:border-gray-600 p-2 align-top relative"" colspan=""1"" rowspan=""1""><p>1650</p></td><td class=""border border-gray-300 dark:border-gray-600 p-2 align-top relative"" colspan=""1"" rowspan=""1""><p>CM/24/000201.04</p></td><td class=""border border-gray-300 dark:border-gray-600 p-2 align-top relative"" colspan=""1"" rowspan=""1"" colwidth=""100""><p>YES</p></td></tr><tr><td class=""border border-gray-300 dark:border-gray-600 p-2 align-top relative"" colspan=""1"" rowspan=""1""><p>258500</p></td><td class=""border border-gray-300 dark:border-gray-600 p-2 align-top relative"" colspan=""1"" rowspan=""1""><p>MISSION PCM-BJC KRISHNA APARTMENT-01</p></td><td class=""border border-gray-300 dark:border-gray-600 p-2 align-top relative"" colspan=""1"" rowspan=""1""><p>1.4</p></td><td class=""border border-gray-300 dark:border-gray-600 p-2 align-top relative"" colspan=""1"" rowspan=""1""><p>24F</p></td><td class=""border border-gray-300 dark:border-gray-600 p-2 align-top relative"" colspan=""1"" rowspan=""1""><p>20</p></td><td class=""border border-gray-300 dark:border-gray-600 p-2 align-top relative"" colspan=""1"" rowspan=""1""><p>80</p></td><td class=""border border-gray-300 dark:border-gray-600 p-2 align-top relative"" colspan=""1"" rowspan=""1""><p>1300</p></td><td class=""border border-gray-300 dark:border-gray-600 p-2 align-top relative"" colspan=""1"" rowspan=""1""><p>1400</p></td><td class=""border border-gray-300 dark:border-gray-600 p-2 align-top relative"" colspan=""1"" rowspan=""1""><p>CM/24/000201.08</p></td><td class=""border border-gray-300 dark:border-gray-600 p-2 align-top relative"" colspan=""1"" rowspan=""1"" colwidth=""100""><p>YES</p></td></tr><tr><td class=""border border-gray-300 dark:border-gray-600 p-2 align-top relative"" colspan=""1"" rowspan=""1""><p>258515</p></td><td class=""border border-gray-300 dark:border-gray-600 p-2 align-top relative"" colspan=""1"" rowspan=""1""><p>BARUIPUR RAILWAY CROSSING BTS-BJC PADMAPUKUR-01</p></td><td class=""border border-gray-300 dark:border-gray-600 p-2 align-top relative"" colspan=""1"" rowspan=""1""><p>0.9</p></td><td class=""border border-gray-300 dark:border-gray-600 p-2 align-top relative"" colspan=""1"" rowspan=""1""><p>24F</p></td><td class=""border border-gray-300 dark:border-gray-600 p-2 align-top relative"" colspan=""1"" rowspan=""1""><p>40</p></td><td class=""border border-gray-300 dark:border-gray-600 p-2 align-top relative"" colspan=""1"" rowspan=""1""><p>30</p></td><td class=""border border-gray-300 dark:border-gray-600 p-2 align-top relative"" colspan=""1"" rowspan=""1""><p>830</p></td><td class=""border border-gray-300 dark:border-gray-600 p-2 align-top relative"" colspan=""1"" rowspan=""1""><p>900</p></td><td class=""border border-gray-300 dark:border-gray-600 p-2 align-top relative"" colspan=""1"" rowspan=""1""><p>CM/24/000202.02</p></td><td class=""border border-gray-300 dark:border-gray-600 p-2 align-top relative"" colspan=""1"" rowspan=""1"" colwidth=""100""><p>YES</p></td></tr></tbody></table></li><li><p>Checked CPAN EMS, Tejas Systems, CMTS CTD website, Prabal Plus, and Transnet for any faults. No transmission faults were found, and no tickets were assigned up to 12:30 PM.</p></li><li><p>OFC reading taken for Sonarpur-Bantala 24F (route lengths and route losses)</p></li><li><p>OFC reading taken for Sonarpur-Natunpally 12F (route lengths and route losses)</p></li><li><p>OFC reading taken for Sonarpur-MissionPally 24F (route lengths and route losses)</p></li><li><p>OFC reading taken for Sonarpur-Sonarpur-3 24F (route lengths and route losses)</p></li><li><p>OFC reading taken for Sonarpur-Sonarpur BTS 12F (route lengths and route losses)</p></li><li><p>OFC reading taken for Sonarpur-AP Nagar BBNL 24F (route lengths and route losses)</p></li></ol><p></p><p></p><p></p><p></p><p></p><p></p>",[],2026-01-03 07:07:42.052+00,2026-01-03 07:07:42.052+00
08b35873-2744-4d67-9eb8-4c616b89424d,c3c65b43-f17b-4fd0-b7e4-c22853c783d6,2026-01-01,"<ol><li><p><strong>Route survey</strong> has been done from Gobindapur Exchange to Khasmallick SBI_ JC for <strong>KML</strong> creation of DPR OFC.</p></li><li><p>OFC <strong>planned route created</strong> between Gobindapur Exchange to Khasmallick SBI_ JC on <strong>Transnet</strong>.</p></li><li><p>Checked CPAN EMS, Tejas Systems, CMTS CTD website, Prabal Plus, and Transnet for any faults. No transmission faults were found, and no tickets were assigned up to 6:00 PM.</p></li></ol><p></p>","[""route"",""survey"",""transnet"",""dpr""]",2026-01-01 08:12:02.41304+00,2026-01-01 08:12:02.41304+00
0b059d5a-cbd4-42cc-b885-b474c9ff1011,ceedaef4-18d6-46c9-9602-ee32c4d83e80,2026-01-02,<ol><li><p>Taken OFC route distance and cumulative loss for Sonarpur-Abantipur 48F rehab route.</p></li><li><p>Taken OFC route distance and cumulative loss for Sonarpur-Harinavi 48F rehab route.</p></li><li><p>Taken OFC route distance and cumulative loss for Sonarpur-Harinavi straight 24F route.</p></li><li><p>Taken OFC route distance and cumulative loss for Sonarpur-Harinavi 12F route.</p></li><li><p>Put through 10G DL of Abantipur-Sonarpur CPAN.</p></li><li><p>Taken OFC route distance and cumulative loss for Sonarpur-AP Nagar 24F route.</p></li></ol><p></p><p></p><p></p>,"[""10G"",""CPAN"",""Abantipur"",""ofc"",""measurement""]",2026-01-02 06:37:21.986021+00,2026-01-02 06:37:21.986021+00
129a0172-ff18-4a9c-b379-373b934b0e6f,c3c65b43-f17b-4fd0-b7e4-c22853c783d6,2025-12-13,"<p>Today visited Mahinagar_Gobindapur RSU_Gobindapur BTS for 4G MAAN RING execution job.</p><p>The ring is made with Harinavi-Baruipur 24F OFC having termination at Gobindapur From F-13 to F-24</p><p>4G MAAN RING details as follows:</p><table class=""border-collapse table-auto min-w-full my-4 border border-gray-300 dark:border-gray-600"" style=""min-width: 197px;""><colgroup><col style=""min-width: 25px;""><col style=""width: 122px;""><col style=""min-width: 25px;""><col style=""min-width: 25px;""></colgroup><tbody><tr><th class=""border border-gray-300 dark:border-gray-600 bg-gray-100 dark:bg-gray-800 !px-3 !py-2 font-semibold text-left"" colspan=""1"" rowspan=""1""><p><strong>END A</strong></p></th><th class=""border border-gray-300 dark:border-gray-600 bg-gray-100 dark:bg-gray-800 !px-3 !py-2 font-semibold text-left"" colspan=""1"" rowspan=""1"" colwidth=""122""><p><strong>Fiber_Pair</strong></p></th><th class=""border border-gray-300 dark:border-gray-600 bg-gray-100 dark:bg-gray-800 !px-3 !py-2 font-semibold text-left"" colspan=""1"" rowspan=""1""><p><strong>END B</strong></p></th><th class=""border border-gray-300 dark:border-gray-600 bg-gray-100 dark:bg-gray-800 !px-3 !py-2 font-semibold text-left"" colspan=""1"" rowspan=""1""><p><strong>Fibre_Pair</strong></p></th></tr><tr><td class=""border border-gray-300 dark:border-gray-600 !px-3 !py-2 align-top relative"" colspan=""1"" rowspan=""1""><p>Harinavi MAAN</p></td><td class=""border border-gray-300 dark:border-gray-600 !px-3 !py-2 align-top relative"" colspan=""1"" rowspan=""1"" colwidth=""122""><p></p></td><td class=""border border-gray-300 dark:border-gray-600 !px-3 !py-2 align-top relative"" colspan=""1"" rowspan=""1""><p>Kodalia 4G BTS MAAN</p></td><td class=""border border-gray-300 dark:border-gray-600 !px-3 !py-2 align-top relative"" colspan=""1"" rowspan=""1""><p></p></td></tr><tr><td class=""border border-gray-300 dark:border-gray-600 !px-3 !py-2 align-top relative"" colspan=""1"" rowspan=""1""><p>Kodalia 4G BTS MAAN</p></td><td class=""border border-gray-300 dark:border-gray-600 !px-3 !py-2 align-top relative"" colspan=""1"" rowspan=""1"" colwidth=""122""><p></p></td><td class=""border border-gray-300 dark:border-gray-600 !px-3 !py-2 align-top relative"" colspan=""1"" rowspan=""1""><p>Mahinagar 4G BTS MAAN</p></td><td class=""border border-gray-300 dark:border-gray-600 !px-3 !py-2 align-top relative"" colspan=""1"" rowspan=""1""><p></p></td></tr><tr><td class=""border border-gray-300 dark:border-gray-600 !px-3 !py-2 align-top relative"" colspan=""1"" rowspan=""1""><p>Mahinagar 4G BTS MAAN</p></td><td class=""border border-gray-300 dark:border-gray-600 !px-3 !py-2 align-top relative"" colspan=""1"" rowspan=""1"" colwidth=""122""><p>F-5 &amp; F-8</p></td><td class=""border border-gray-300 dark:border-gray-600 !px-3 !py-2 align-top relative"" colspan=""1"" rowspan=""1""><p>Gobindapur RSU</p></td><td class=""border border-gray-300 dark:border-gray-600 !px-3 !py-2 align-top relative"" colspan=""1"" rowspan=""1""><p>F-21 &amp;F-24</p></td></tr><tr><td class=""border border-gray-300 dark:border-gray-600 !px-3 !py-2 align-top relative"" colspan=""1"" rowspan=""1""><p>Gobindapur RSU</p></td><td class=""border border-gray-300 dark:border-gray-600 !px-3 !py-2 align-top relative"" colspan=""1"" rowspan=""1"" colwidth=""122""><p>F-21 &amp; F-24</p></td><td class=""border border-gray-300 dark:border-gray-600 !px-3 !py-2 align-top relative"" colspan=""1"" rowspan=""1""><p>Gobindapur 4G BTS MAAN</p></td><td class=""border border-gray-300 dark:border-gray-600 !px-3 !py-2 align-top relative"" colspan=""1"" rowspan=""1""><p>F-9 &amp; F-10</p></td></tr><tr><td class=""border border-gray-300 dark:border-gray-600 !px-3 !py-2 align-top relative"" colspan=""1"" rowspan=""1""><p>Gobindapur 4G BTS MAAN</p></td><td class=""border border-gray-300 dark:border-gray-600 !px-3 !py-2 align-top relative"" colspan=""1"" rowspan=""1"" colwidth=""122""><p>F-9 &amp; F-10</p></td><td class=""border border-gray-300 dark:border-gray-600 !px-3 !py-2 align-top relative"" colspan=""1"" rowspan=""1""><p>Gobindapur RSU</p></td><td class=""border border-gray-300 dark:border-gray-600 !px-3 !py-2 align-top relative"" colspan=""1"" rowspan=""1""><p>F-11 &amp;F-12</p></td></tr><tr><td class=""border border-gray-300 dark:border-gray-600 !px-3 !py-2 align-top relative"" colspan=""1"" rowspan=""1""><p>Gobindapur RSU</p></td><td class=""border border-gray-300 dark:border-gray-600 !px-3 !py-2 align-top relative"" colspan=""1"" rowspan=""1"" colwidth=""122""><p>F-11 &amp;F-12</p></td><td class=""border border-gray-300 dark:border-gray-600 !px-3 !py-2 align-top relative"" colspan=""1"" rowspan=""1""><p>Harinavi MAAN</p></td><td class=""border border-gray-300 dark:border-gray-600 !px-3 !py-2 align-top relative"" colspan=""1"" rowspan=""1""><p>F-16 &amp; F-20</p></td></tr></tbody></table><p></p>",[],2025-12-13 00:00:00+00,2025-12-13 00:00:00+00
15ed7374-d739-4f90-989c-1bcc36336c17,c3c65b43-f17b-4fd0-b7e4-c22853c783d6,2025-12-16,"<ol><li><p>Uploaded photos and videos at 9 places(4 photos and 1 video at each place) for 1950m route of JC near Subhasgram Bank plot to JC at Rail crossing near Natunpally on Transnet.</p></li><li><p>Created 3 planned routes on transnet: a) M TXC KD HARINAVI SNP GHASIARA BTS-BJC KD HNV AERIAL JC NEAR GHASIARA BIDYAPITH-01 , 258498 , 1650m b) M TXC KD HARINAVI BRP RLY XING BTS-BJC KD HNV PADMAPUKUR-01, 258499, 900m and c) M TXC KD HARINAVI MISSION PCM-BJC KD HNV KRISHNA APARTMENT-01 , 258500, 1400m.</p></li><li><p>Created kml file for Sonarpur Ghasiara BTS to JC near Sonarpur Bidyapith.</p></li><li><p>Created kml file for Baruipur Rail crossing to JC near Padmapukur.</p></li><li><p>Assisted TI unit for survey work for Sonarpur, Milan Pally IB leased ckt.</p></li></ol><p></p>",[],2025-12-16 00:00:00+00,2025-12-16 00:00:00+00
1dbe6b2e-e2f0-480f-9459-b4ce4347770a,c3c65b43-f17b-4fd0-b7e4-c22853c783d6,2025-10-29,"Attenteded SBI Baruipur Bazar fault, LC Id- 1000122714.Local mac was not being received. Checked the optical fibers and found them OK. There was an optical power loss in the media. The power loss was due to a fault in the HUAWEI port â€” the Tx power at the port itself was -17 dBm. Changing the SFP did not resolve the issue.

Configuration was done in Tejas and the details were posted in the CPAN group for shifting to another CPAN port. After the CPAN configuration was completed by the CPAN team, MAC was received from both ends, and the media appeared to be OK. However, ping was still not successful from their router.
The media converter and power adaptor at SBI Baruipur Bazar Branch were also replaced with a new one.
The vendor was approached to check the issue at their local end.",,2025-10-20 00:00:00+00,2025-10-20 00:00:00+00
1dc875bb-f2fa-4706-8207-e3e2d68f59a8,c3c65b43-f17b-4fd0-b7e4-c22853c783d6,2025-10-30,"SBI Baruipur Bazar fault, LC Id- 1000122714, attended by BSNL team and SBI vendor(8017384766) also. Got mac from both side. Ping from directly connected laptop was successful but through router, ping not successful. Suspected Tejas equipment card issue, so directly connected through CPAN and router ping also successful after that. Circuit restored.",,2025-10-22 00:00:00+00,2025-10-22 00:00:00+00
4745b763-5beb-4b52-922a-bfd196fdcf93,0744dabb-6070-4945-bf65-6abdc06c0cb9,2026-01-03,<p>Hnv-Gdp 12F only 03 fibre was usable for system operation.Found fibre gtg damaged at 1.003 km most in underground portion.</p><p>506 m u/g portion of the cable replaced by overhead lay out between two J/C.</p><p>07 fibres retrieved out of 09. Now</a> total 10 cables ready for use upto GDP RSU.</p>,"[""Retrieval of OFC""]",2026-01-03 12:38:18.749923+00,2026-01-03 12:38:18.749923+00
55cc3c22-2ce8-4c0d-8998-ee6b455d8a0b,c3c65b43-f17b-4fd0-b7e4-c22853c783d6,2025-12-19,"<ol><li><p>Attended meeting held today under chairmanship of PGM TX to monitor the progress of QOS of TX Equipment and OF Network.</p></li></ol><ol start=""2""><li><p>Uploaded photos and videos at 8 places(4 photos and 1 video at each place) for 1400m route of JC near Narendrapur mission Exchange to JC at krishna Appartment BTS site on Transnet.</p></li></ol><p></p>","[""meeting"",""tbz""]",2025-12-19 00:00:00+00,2025-12-19 00:00:00+00
5d3fbd88-5b0d-49a1-a76d-f7a67816bb70,c3c65b43-f17b-4fd0-b7e4-c22853c783d6,2025-12-20,"<ol><li><p>Checked CPAN EMS, Tejas systems, CMTS CTD website, Prabal Plus, and Transnet for any faults. No tickets have been assigned till now on Prabal Plus. There is DL failure in CPAN EMS (a) CTD_HNV_<strong>HARINAVI</strong>_10.123.138.193_GNE/3.6<strong>-</strong>CTD_HNV_<strong>RAJPUR SARKARPARA</strong>_10.123.138.215/2.5 (b) CTD_HNV_<strong>RAJPUR SARKARPARA</strong>_10.123.138.215/1.5<strong>-</strong>CTD_HNV_<strong>BARENDRA PARA BTS</strong>_10.123.138.249/2.5. Also there was dockets in trnsnet(Docket ID: <strong>2822642</strong> and <strong>2822641</strong></p></li><li><p>Fault was due to Commercial Power Supply Failure. No Battery at the Site due to multiple Theft cases. Docket cleared on Transnet after site restoration.</p></li><li><p>written an email to SDE CMTS Jadavpur for frequent system failures of CPAN A1 have been observed at Rajpur Sarkarpara BTS, primarily due to repeated power outages and the non-availability of a battery power plant.</p></li><li><p>Measured optical fiber length at Harinavi End of two optical fiber HNV-BRL 48 F and HNV-BRL 24 F . Also updated the data on online transmission app.</p></li></ol><p></p>","[""sarkarpara"",""transnet"",""mail""]",2025-12-20 00:00:00+00,2025-12-20 00:00:00+00
7a441cdc-cf56-465a-8eee-e15f7c569db0,c3c65b43-f17b-4fd0-b7e4-c22853c783d6,2025-11-25,"LC ID-  1000123043 , SBI Subhasgram fault docket assigned. Found OFC cut at a distance of 3 km from Kamalgazi.There are 5 cable cuts at that location, 2 48F and 3 24F OFCs.SBI ckt restored diverting it. LMG shifted from MNGPAN(5.7) to GPON OLT Port-1. For diversion of BTS:- Sonarpur(VLAN-1748/1948), Sonarpur Teghoria(1006/1506), Narendrapur Krishna(1741/1941), Narendrapur II(1740/1940), Hindustan More(1489/1889), Sonarpur Kurigachi(1737/1937), Mandalpara(1071/1571), Boral II(1768/1968), Baruipur Kalyanpur(1792/1992), Barendrapara(1102/1602) written on CPAN group. Harinavi team alongwith SLA vendor attended the ofc cut site to restore that.",,2025-11-19 00:00:00+00,2025-11-19 00:00:00+00
7c6d3149-6aac-403e-9525-362c8c61cfab,c3c65b43-f17b-4fd0-b7e4-c22853c783d6,2025-12-02,"<p>Boral RLU was completely out of order <strong>due to a power plant failure</strong> since yesterday (<strong>01-01-2025, 12:39</strong>). It was <strong>restored</strong> today at around 4:00 PM after <strong>replacing the existing unit with a spare power plant</strong> taken from another RLU.</p>",,2025-11-30 00:00:00+00,2025-11-30 00:00:00+00
7e802b17-40d5-403b-be3b-007798397ed6,ceedaef4-18d6-46c9-9602-ee32c4d83e80,2025-12-24,"<ol><li><p>4 OFC dockets found on transnet. On measurment from Harinavi, found OFC fault at a distance of 0.944 Km. Merged 4 system faults into 2 cable faults. SLA team along with one Tx member was on site.Tracking for one cable was successful but other one(24F) was not, informed to Suin sir. After some time it was successful. Initially, the agency denied any damage caused by them; however, after persistent persuasion, they cooperated in locating the fault. Since the road is narrow and highly congested, there were significant difficulties in carrying out the work. The cables were found beneath the water pipeline.</p></li><li><p>Measured newly rehab cable between Sonarpur-Awantipur. Found no length in F-1 &amp; F-2. Got length of 9.0 Km from Sonarpur on F-17.</p></li><li><p>Assisted Electrical SDE for measurements and survey of Transmission room for installation of split AC.</p></li></ol><p></p>",[],2025-12-24 07:59:44.313605+00,2025-12-24 07:59:44.313605+00
8ce50add-71dd-412a-adc8-652adf08dd51,ceedaef4-18d6-46c9-9602-ee32c4d83e80,2026-01-05,"<ol><li><p>Two dockets ( <strong>2850696</strong>, <strong>2850695</strong> ) was created by transnet For Rajpur Sarkarpara BTS. Fault were due to power issue, as no battery at the site due to <strong>multiple theft cases</strong>. Already one mail was sent to BTS mtce. Jadavpur on 20/12/2025 for which reply still awaited. Today also reminded for the same. Dockets were closed with proper remarks.</p></li><li><p>OFC reading taken for AP NAGAR-SONARPUR 24F (route lengths and route losses).</p></li><li><p>OFC reading taken for AP NAGAR-SITAKUNDU C2 24F (route lengths and route losses)</p></li><li><p>OFC reading taken for AP NAGAR-SITAKUNDU C1 24F (route lengths and route losses)</p></li><li><p>OFC reading taken for AP NAGAR-GHASIARA BTS 24F (route lengths and route losses)</p></li><li><p>OFC reading taken for AP NAGAR-SONARPUR BAZAR BTS 24F (route lengths and route losses)</p></li><li><p>OFC reading taken for AP NAGAR-ONGC 24F (route lengths and route losses)</p></li></ol><p></p>","[""transnet""]",2026-01-05 07:54:20.594757+00,2026-01-05 07:54:20.594757+00
911d504d-d5ed-45f2-a48e-55c270387efb,c7b63105-5d41-4975-881c-41017b34a221,2025-12-23,<ol><li><p>Measured optical fiber length and corresponding optical loss at Harinavi End of optical fiber Harinavi-sonarpur 48F. Also updated the data on online transmission app.</p></li><li><p>Measured optical fiber length of Hnv- Kmg 48F at Harinavi End and observed it is damaged at a distance of 650 m from harinavi by WBSEDCL .</p></li></ol><p></p>,[],2025-12-23 12:55:31.36676+00,2025-12-23 12:55:31.36676+00
9187acb1-d02d-40bd-8490-af4eb146fedb,c3c65b43-f17b-4fd0-b7e4-c22853c783d6,2025-12-22,<ol><li><p>Measured optical fiber length and corresponding optical loss at Harinavi End of two optical fiber Harinavi-subhasgram 48 F and Harinavi-subhasgram 24 F . Also updated the data on online transmission app.</p></li></ol><p></p>,[],2025-12-22 12:31:36.83833+00,2025-12-22 12:31:36.83833+00
99176c61-4020-4c1d-9899-ebe6343c99f0,c3c65b43-f17b-4fd0-b7e4-c22853c783d6,2025-12-27,"<ol><li><p>Checked CPAN EMS, Tejas systems, CMTS CTD website, Prabal Plus, and Transnet for any faults. No transmission faults were found, and no tickets have been assigned till now.</p></li><li><p>Prepared<strong> kml </strong>file for surveyed route of Kamalgazi-Harinavi-Gobindapur-Baruipur-Sasan via EM Bypass.</p></li></ol><p></p>",[],2025-12-27 05:17:33.583343+00,2025-12-27 05:17:33.583343+00
a0cdef50-58bf-42f6-b06e-1972fdb92a26,ceedaef4-18d6-46c9-9602-ee32c4d83e80,2025-12-26,<ol><li><p>OFC cut has been detected between A.P.Nagar and Ghashiara BTS 24F cable  due to rat bite near exchange side UG chamber.The fault has been atteanted by JE and JTO/TM/Harinavi. The Ofc is restored around 3:15pm</p></li><li><p>New OFC route servey has been done along E.M Bypass from Harinavi to Baruipur Sashan Road  by SDE/TM/Harinavi.</p></li><li><p>JE and JTO/TM/Harinavi with supervisor of M/S Raja construction proactively attented the spot near Chowhati more to prevent HNV-Boral OFC Damage during water pipeline work of Rajpur Sonarpur Municipality.</p></li></ol><p></p>,[],2025-12-26 11:55:41.895628+00,2025-12-26 11:55:41.895628+00
c8cf0631-038d-466a-aa62-4b75508c4a1a,c5be7947-069f-4171-b334-0b8e8322a530,2025-12-30,"<ol><li><p>Checked CPAN EMS, Tejas systems, CMTS CTD website, Prabal Plus, and Transnet for any faults. No transmission faults were found, and no tickets have been assigned till now.</p></li><li><p>Modified and sent e-file for DPR cables earthing.</p></li></ol><p></p>",[],2025-12-30 10:09:05.960289+00,2025-12-30 10:09:05.960289+00
ddf2ac57-dbd5-4d40-b7ef-8de6a9bd3125,c3c65b43-f17b-4fd0-b7e4-c22853c783d6,2025-12-17,<ol><li><p>Created planned route for Sonarpur Ghasiara BTS to JC near Sonarpur Bidyapith on Transnet and uploaded its corresponding kml.</p></li><li><p>Created planned route for Baruipur Rail crossing to JC near Padmapukur on Transnet and uploaded its corresponding kml.</p></li><li><p>Created planned route for Mission Telephone Exchange to JC near Narendrapur Krishna on transnet and uploaded its corresponding kml.</p></li><li><p>Uploaded photos and videos at 7 places(4 photos and 1 video at each place) for 1650m route of Sonarpur Ghasiara BTS to JC near Sonarpur Bidyapith on Transnet.</p></li></ol><p></p>,"[""transnet""]",2025-12-17 00:00:00+00,2025-12-17 00:00:00+00
dffc46f4-2b72-4283-8b6f-52428aa81b41,ceedaef4-18d6-46c9-9602-ee32c4d83e80,2025-12-29,"<ol><li><p>Checked CPAN EMS, Tejas systems, CMTS CTD website, Prabal Plus, and Transnet for any faults. No transmission faults were found, and no tickets have been assigned till now.</p></li><li><p>Prepared e-file data required for e-file movement of DPR cables earthing.</p></li><li><p>Measured optical fiber length and corresponding optical loss at Harinavi End of optical fiber HNV-RAJPUR SBI 48F.The Ofc is joined to Hnv-Mission 24F and Hnv-Kmg 48F  near Rajpur-Kalitala More (These 2 Ofc's are damaged by WBSEDCL ).  Also updated the data on online transmission app.</p></li></ol><p></p><p></p>",[],2025-12-29 05:30:32.719536+00,2025-12-29 05:30:32.719536+00
e4c3731c-b073-4fff-844e-414eda21c56c,c3c65b43-f17b-4fd0-b7e4-c22853c783d6,2025-12-31,"<ol><li><p>Checked CPAN EMS, Tejas Systems, CMTS CTD website, Prabal Plus, and Transnet for any faults. No transmission faults were found, and no tickets were assigned up to 11:00 AM.</p></li><li><p>A fault for LC ID: <strong>1000569673</strong> (Baruipur Police District) was reported. On analysis, it was found that the Bharat Fiber circuit was down due to a non-payment issue. The matter was informed to the concerned SDE.</p></li><li><p>A docket was raised for LC ID: <strong>1000122714</strong> (State Bank of India, Baruipur Bazar Branch), and the ticket was assigned in prabal plus to <strong>DE/TM/South-II</strong>. The site was attended by the SLA vendor along with one TM staff (Shri Tridib Das). It was observed that the fault was due to an OFC cut. A docket was created on Transnet, tracking was done, and after restoration, the docket was closed on Transnet.</p></li><li><p>Added Lokesh kalsar (+918927726344) as FRT member (ITI/BBNL) under DE/TM/South2 on Transnet.</p><p></p><p></p></li></ol><p></p>",[],2025-12-31 11:00:24.389374+00,2025-12-31 11:00:24.389374+00
f0a0a500-6162-4362-9748-2c41e5e6fc2b,c3c65b43-f17b-4fd0-b7e4-c22853c783d6,2025-12-18,"<ol><li><p>Checked CPAN EMS, Tejas systems, CMTS CTD website, Prabal Plus, and Transnet for any faults. No transmission faults were found, and no tickets have been assigned till now.</p></li><li><p>PP Ticket ID : PCKO251200088 assigned for high packet drop in ONGC Sonarpur(LC ID: <a target=""_blank"" rel=""noopener noreferrer nofollow"" class=""text-blue-500 hover:underline cursor-pointer ui teal image label large"" href=""http://www.lcprabal.bsnl.co.in/PrabalPlus/protected/pages/link/link_details.php?lcid=1000184559&amp;upd_sts=0""><strong>1000184559</strong></a> ) . Site attended and found Tejas Switch is malfunctioning. Requested CPAN NOC to shift and configure 1000184559_ONGC-SONARPUR_4050 from AP NAGAR B1(138.198), port-3.5 to port-4.4 (FE mode). Shifted ONGC Lead-in 24F OFC(F-5 &amp; F-6) from switch to CPAN port.</p></li><li><p>Shifted patchcords/pigtails i to make space for FDMS for Rehab cable(Sonarpur-Awantipur). <strong>In this process DL between Sonarpur(138.227/1.5) - FIEM(138.228/2.5) and Sonarpur(138.199/4.1) - Kamalgazi(29.196/5.1) failed for few minutes.</strong></p></li></ol><p></p>","[""optical power"",""ring status"",""leased"",""1000184559"",""ongc""]",2025-12-18 00:00:00+00,2025-12-18 00:00:00+00
fd087ba3-c402-4ea1-a356-e1c2932d9dea,c3c65b43-f17b-4fd0-b7e4-c22853c783d6,2025-12-15,"<ol><li><p>Noticed ticked assigned in prabal plus for LC ID-<a target=""_blank"" rel=""noopener noreferrer nofollow"" class=""text-blue-500 hover:underline cursor-pointer ui teal image label large"" href=""http://www.lcprabal.bsnl.co.in/PrabalPlus/protected/pages/link/link_details.php?lcid=1000560320&amp;upd_sts=0""><strong>1000560320, PNB KHEYADAH.</strong></a> Enquired through BBNL team and found GP up. So,<strong> fault is in between GP and Bank premises</strong>. <strong>Tried several times to book a cab</strong> but everyone cancelled and <strong>not ready to go to that remote site</strong>. At last <strong>attended site through SLA Vendor's vehicle</strong>. Found Rat bite issue there on patch chord. Ckt. restored after replacement of the Patch cord. Customer is requested to look into the matter as we are facing frequent rat bite issue in the premises to our pigtail/patch chord.</p></li><li><p>E-File received from regarding Administrative Approval for preparation of PE/WBS for OFC laying through O/H &amp; Lead/In for 1no. of site for Sr DCM, Sealdah Division, Eastern Railway at Station Manager, Sonarpur Railway Station, having File No: File No.:KOLTD-21/12(14)/12/2021-TI SOUTH TX KOL Comp. No.:42788 42788. Reply submitted and returned back the file.</p></li><li><p>Some data updation work for CPAN A1s done in ctdtrans portal.</p></li><li><p>Report regarding AC to DC converter for this unit is sent to DE/TM/South-II.</p></li></ol><p></p>","[""pnb"",""kheadah"",""leased"",""lc"",""1000560320"",""efile"",""ctdtrans""]",2025-12-16 00:00:00+00,2025-12-16 00:00:00+00